{
  "project_info": {
    "project_number": "844638089814",
    "project_id": "plantify-95a4f",
    "storage_bucket": "plantify-95a4f.appspot.com"
  },
  "client": [
    {
      "client_info": {
        "mobilesdk_app_id": "1:844638089814:android:cf714c70cf45c926ab81f7",
        "android_client_info": {
          "package_name": "com.example.plantidentifier.palntify"
        }
      },
      "oauth_client": [
        {
          "client_id": "844638089814-0j6uccfh5dl81tvpsgrim1rosbbatbb7.apps.googleusercontent.com",
          "client_type": 3
        }
      ],
      "api_key": [
        {
          "current_key": "AIzaSyDDF8LDeJ4dAQLJy6-pmbnI4hfitRxRv40"
        }
      ],
      "services": {
        "appinvite_service": {
          "other_platform_oauth_client": [
            {
              "client_id": "844638089814-0j6uccfh5dl81tvpsgrim1rosbbatbb7.apps.googleusercontent.com",
              "client_type": 3
            }
          ]
        }
      }
    }
  ],
  "configuration_version": "1"
}